url_1,url_2,similarity,word_count_1,word_count_2
https://www.cm-alliance.com/cybersecurity-blog,https://www.qnbtrust.bank/Resources/Learning-Center/Blog/7-cyber-security-tips,1.0,0,0
https://www.cm-alliance.com/cybersecurity-blog,https://www.connectwise.com/blog/phishing-prevention-tips,1.0,0,0
https://www.cm-alliance.com/cybersecurity-blog,https://www.phriendlyphishing.com/blog,1.0,0,0
https://www.cm-alliance.com/cybersecurity-blog,https://www.cisco.com/site/us/en/learn/topics/networking/what-is-sd-wan.html,1.0,0,0
https://www.cm-alliance.com/cybersecurity-blog,https://www.hpe.com/us/en/what-is/sd-wan.html,1.0,0,0
https://www.cm-alliance.com/cybersecurity-blog,https://remotedesktop.google.com/,1.0,0,0
https://www.cm-alliance.com/cybersecurity-blog,https://support.microsoft.com/en-us/windows/how-to-use-remote-desktop-5fe128d5-8fb1-7a23-3b8a-41e636865e8c,1.0,0,0
https://www.cm-alliance.com/cybersecurity-blog,https://www.cloudflare.com/learning/access-management/what-is-ztna/,1.0,0,0
https://www.cm-alliance.com/cybersecurity-blog,https://www.microsoft.com/en-us/security/business/security-101/what-is-zero-trust-network-access-ztna,1.0,0,0
https://www.cm-alliance.com/cybersecurity-blog,https://www.akkio.com/beginners-guide-to-machine-learning,1.0,0,0
https://www.cm-alliance.com/cybersecurity-blog,https://towardsdatascience.com/machine-learning-basics-with-examples-part-1-c2d37247ec3d,1.0,0,0
https://www.cm-alliance.com/cybersecurity-blog,https://www.analyticsvidhya.com/blog/2021/09/comprehensive-guide-on-machine-learning/,1.0,0,0
https://www.cm-alliance.com/cybersecurity-blog,https://www.investopedia.com/terms/s/seo.asp,1.0,0,0
https://www.cm-alliance.com/cybersecurity-blog,https://www.dollardays.com/?srsltid=AfmBOopXjdOu2Kwq6fwYN9FPfB19MorSOf5UyS0EisxFSAzOm8wbl8KF,1.0,0,0
https://www.cm-alliance.com/cybersecurity-blog,https://www.reuters.com/technology/artificial-intelligence/,1.0,0,0
https://www.cm-alliance.com/cybersecurity-blog,https://www.cnbc.com/artificial-intelligence/,1.0,0,0
https://www.cm-alliance.com/cybersecurity-blog,https://www.bbc.com/news/topics/c404v061z99t,1.0,0,0
https://www.cm-alliance.com/cybersecurity-blog,https://www.theguardian.com/technology/artificialintelligenceai,1.0,0,0
https://www.cm-alliance.com/cybersecurity-blog,https://abcnews.go.com/alerts/technology,1.0,0,0
https://www.qnbtrust.bank/Resources/Learning-Center/Blog/7-cyber-security-tips,https://www.connectwise.com/blog/phishing-prevention-tips,1.0,0,0
https://www.qnbtrust.bank/Resources/Learning-Center/Blog/7-cyber-security-tips,https://www.phriendlyphishing.com/blog,1.0,0,0
https://www.qnbtrust.bank/Resources/Learning-Center/Blog/7-cyber-security-tips,https://www.cisco.com/site/us/en/learn/topics/networking/what-is-sd-wan.html,1.0,0,0
https://www.qnbtrust.bank/Resources/Learning-Center/Blog/7-cyber-security-tips,https://www.hpe.com/us/en/what-is/sd-wan.html,1.0,0,0
https://www.qnbtrust.bank/Resources/Learning-Center/Blog/7-cyber-security-tips,https://remotedesktop.google.com/,1.0,0,0
https://www.qnbtrust.bank/Resources/Learning-Center/Blog/7-cyber-security-tips,https://support.microsoft.com/en-us/windows/how-to-use-remote-desktop-5fe128d5-8fb1-7a23-3b8a-41e636865e8c,1.0,0,0
https://www.qnbtrust.bank/Resources/Learning-Center/Blog/7-cyber-security-tips,https://www.cloudflare.com/learning/access-management/what-is-ztna/,1.0,0,0
https://www.qnbtrust.bank/Resources/Learning-Center/Blog/7-cyber-security-tips,https://www.microsoft.com/en-us/security/business/security-101/what-is-zero-trust-network-access-ztna,1.0,0,0
https://www.qnbtrust.bank/Resources/Learning-Center/Blog/7-cyber-security-tips,https://www.akkio.com/beginners-guide-to-machine-learning,1.0,0,0
https://www.qnbtrust.bank/Resources/Learning-Center/Blog/7-cyber-security-tips,https://towardsdatascience.com/machine-learning-basics-with-examples-part-1-c2d37247ec3d,1.0,0,0
https://www.qnbtrust.bank/Resources/Learning-Center/Blog/7-cyber-security-tips,https://www.analyticsvidhya.com/blog/2021/09/comprehensive-guide-on-machine-learning/,1.0,0,0
https://www.qnbtrust.bank/Resources/Learning-Center/Blog/7-cyber-security-tips,https://www.investopedia.com/terms/s/seo.asp,1.0,0,0
https://www.qnbtrust.bank/Resources/Learning-Center/Blog/7-cyber-security-tips,https://www.dollardays.com/?srsltid=AfmBOopXjdOu2Kwq6fwYN9FPfB19MorSOf5UyS0EisxFSAzOm8wbl8KF,1.0,0,0
https://www.qnbtrust.bank/Resources/Learning-Center/Blog/7-cyber-security-tips,https://www.reuters.com/technology/artificial-intelligence/,1.0,0,0
https://www.qnbtrust.bank/Resources/Learning-Center/Blog/7-cyber-security-tips,https://www.cnbc.com/artificial-intelligence/,1.0,0,0
https://www.qnbtrust.bank/Resources/Learning-Center/Blog/7-cyber-security-tips,https://www.bbc.com/news/topics/c404v061z99t,1.0,0,0
https://www.qnbtrust.bank/Resources/Learning-Center/Blog/7-cyber-security-tips,https://www.theguardian.com/technology/artificialintelligenceai,1.0,0,0
https://www.qnbtrust.bank/Resources/Learning-Center/Blog/7-cyber-security-tips,https://abcnews.go.com/alerts/technology,1.0,0,0
https://www.fortinet.com/resources/cyberglossary/what-is-network-security,https://www.fortinet.com/resources/cyberglossary/sd-wan-explained,1.0,3905,2625
https://www.fortinet.com/resources/cyberglossary/what-is-network-security,https://www.fortinet.com/solutions/enterprise-midsize-business/network-access/application-access,1.0,3905,671
https://www.connectwise.com/blog/phishing-prevention-tips,https://www.phriendlyphishing.com/blog,1.0,0,0
https://www.connectwise.com/blog/phishing-prevention-tips,https://www.cisco.com/site/us/en/learn/topics/networking/what-is-sd-wan.html,1.0,0,0
https://www.connectwise.com/blog/phishing-prevention-tips,https://www.hpe.com/us/en/what-is/sd-wan.html,1.0,0,0
https://www.connectwise.com/blog/phishing-prevention-tips,https://remotedesktop.google.com/,1.0,0,0
https://www.connectwise.com/blog/phishing-prevention-tips,https://support.microsoft.com/en-us/windows/how-to-use-remote-desktop-5fe128d5-8fb1-7a23-3b8a-41e636865e8c,1.0,0,0
https://www.connectwise.com/blog/phishing-prevention-tips,https://www.cloudflare.com/learning/access-management/what-is-ztna/,1.0,0,0
https://www.connectwise.com/blog/phishing-prevention-tips,https://www.microsoft.com/en-us/security/business/security-101/what-is-zero-trust-network-access-ztna,1.0,0,0
https://www.connectwise.com/blog/phishing-prevention-tips,https://www.akkio.com/beginners-guide-to-machine-learning,1.0,0,0
https://www.connectwise.com/blog/phishing-prevention-tips,https://towardsdatascience.com/machine-learning-basics-with-examples-part-1-c2d37247ec3d,1.0,0,0
https://www.connectwise.com/blog/phishing-prevention-tips,https://www.analyticsvidhya.com/blog/2021/09/comprehensive-guide-on-machine-learning/,1.0,0,0
https://www.connectwise.com/blog/phishing-prevention-tips,https://www.investopedia.com/terms/s/seo.asp,1.0,0,0
https://www.connectwise.com/blog/phishing-prevention-tips,https://www.dollardays.com/?srsltid=AfmBOopXjdOu2Kwq6fwYN9FPfB19MorSOf5UyS0EisxFSAzOm8wbl8KF,1.0,0,0
https://www.connectwise.com/blog/phishing-prevention-tips,https://www.reuters.com/technology/artificial-intelligence/,1.0,0,0
https://www.connectwise.com/blog/phishing-prevention-tips,https://www.cnbc.com/artificial-intelligence/,1.0,0,0
https://www.connectwise.com/blog/phishing-prevention-tips,https://www.bbc.com/news/topics/c404v061z99t,1.0,0,0
https://www.connectwise.com/blog/phishing-prevention-tips,https://www.theguardian.com/technology/artificialintelligenceai,1.0,0,0
https://www.connectwise.com/blog/phishing-prevention-tips,https://abcnews.go.com/alerts/technology,1.0,0,0
https://www.phriendlyphishing.com/blog,https://www.cisco.com/site/us/en/learn/topics/networking/what-is-sd-wan.html,1.0,0,0
https://www.phriendlyphishing.com/blog,https://www.hpe.com/us/en/what-is/sd-wan.html,1.0,0,0
https://www.phriendlyphishing.com/blog,https://remotedesktop.google.com/,1.0,0,0
https://www.phriendlyphishing.com/blog,https://support.microsoft.com/en-us/windows/how-to-use-remote-desktop-5fe128d5-8fb1-7a23-3b8a-41e636865e8c,1.0,0,0
https://www.phriendlyphishing.com/blog,https://www.cloudflare.com/learning/access-management/what-is-ztna/,1.0,0,0
https://www.phriendlyphishing.com/blog,https://www.microsoft.com/en-us/security/business/security-101/what-is-zero-trust-network-access-ztna,1.0,0,0
https://www.phriendlyphishing.com/blog,https://www.akkio.com/beginners-guide-to-machine-learning,1.0,0,0
https://www.phriendlyphishing.com/blog,https://towardsdatascience.com/machine-learning-basics-with-examples-part-1-c2d37247ec3d,1.0,0,0
https://www.phriendlyphishing.com/blog,https://www.analyticsvidhya.com/blog/2021/09/comprehensive-guide-on-machine-learning/,1.0,0,0
https://www.phriendlyphishing.com/blog,https://www.investopedia.com/terms/s/seo.asp,1.0,0,0
https://www.phriendlyphishing.com/blog,https://www.dollardays.com/?srsltid=AfmBOopXjdOu2Kwq6fwYN9FPfB19MorSOf5UyS0EisxFSAzOm8wbl8KF,1.0,0,0
https://www.phriendlyphishing.com/blog,https://www.reuters.com/technology/artificial-intelligence/,1.0,0,0
https://www.phriendlyphishing.com/blog,https://www.cnbc.com/artificial-intelligence/,1.0,0,0
https://www.phriendlyphishing.com/blog,https://www.bbc.com/news/topics/c404v061z99t,1.0,0,0
https://www.phriendlyphishing.com/blog,https://www.theguardian.com/technology/artificialintelligenceai,1.0,0,0
https://www.phriendlyphishing.com/blog,https://abcnews.go.com/alerts/technology,1.0,0,0
https://www.cisco.com/site/us/en/learn/topics/networking/what-is-sd-wan.html,https://www.hpe.com/us/en/what-is/sd-wan.html,1.0,0,0
https://www.cisco.com/site/us/en/learn/topics/networking/what-is-sd-wan.html,https://remotedesktop.google.com/,1.0,0,0
https://www.cisco.com/site/us/en/learn/topics/networking/what-is-sd-wan.html,https://support.microsoft.com/en-us/windows/how-to-use-remote-desktop-5fe128d5-8fb1-7a23-3b8a-41e636865e8c,1.0,0,0
https://www.cisco.com/site/us/en/learn/topics/networking/what-is-sd-wan.html,https://www.cloudflare.com/learning/access-management/what-is-ztna/,1.0,0,0
https://www.cisco.com/site/us/en/learn/topics/networking/what-is-sd-wan.html,https://www.microsoft.com/en-us/security/business/security-101/what-is-zero-trust-network-access-ztna,1.0,0,0
https://www.cisco.com/site/us/en/learn/topics/networking/what-is-sd-wan.html,https://www.akkio.com/beginners-guide-to-machine-learning,1.0,0,0
https://www.cisco.com/site/us/en/learn/topics/networking/what-is-sd-wan.html,https://towardsdatascience.com/machine-learning-basics-with-examples-part-1-c2d37247ec3d,1.0,0,0
https://www.cisco.com/site/us/en/learn/topics/networking/what-is-sd-wan.html,https://www.analyticsvidhya.com/blog/2021/09/comprehensive-guide-on-machine-learning/,1.0,0,0
https://www.cisco.com/site/us/en/learn/topics/networking/what-is-sd-wan.html,https://www.investopedia.com/terms/s/seo.asp,1.0,0,0
https://www.cisco.com/site/us/en/learn/topics/networking/what-is-sd-wan.html,https://www.dollardays.com/?srsltid=AfmBOopXjdOu2Kwq6fwYN9FPfB19MorSOf5UyS0EisxFSAzOm8wbl8KF,1.0,0,0
https://www.cisco.com/site/us/en/learn/topics/networking/what-is-sd-wan.html,https://www.reuters.com/technology/artificial-intelligence/,1.0,0,0
https://www.cisco.com/site/us/en/learn/topics/networking/what-is-sd-wan.html,https://www.cnbc.com/artificial-intelligence/,1.0,0,0
https://www.cisco.com/site/us/en/learn/topics/networking/what-is-sd-wan.html,https://www.bbc.com/news/topics/c404v061z99t,1.0,0,0
https://www.cisco.com/site/us/en/learn/topics/networking/what-is-sd-wan.html,https://www.theguardian.com/technology/artificialintelligenceai,1.0,0,0
https://www.cisco.com/site/us/en/learn/topics/networking/what-is-sd-wan.html,https://abcnews.go.com/alerts/technology,1.0,0,0
https://www.fortinet.com/resources/cyberglossary/sd-wan-explained,https://www.fortinet.com/solutions/enterprise-midsize-business/network-access/application-access,1.0,2625,671
https://www.hpe.com/us/en/what-is/sd-wan.html,https://remotedesktop.google.com/,1.0,0,0
https://www.hpe.com/us/en/what-is/sd-wan.html,https://support.microsoft.com/en-us/windows/how-to-use-remote-desktop-5fe128d5-8fb1-7a23-3b8a-41e636865e8c,1.0,0,0
https://www.hpe.com/us/en/what-is/sd-wan.html,https://www.cloudflare.com/learning/access-management/what-is-ztna/,1.0,0,0
https://www.hpe.com/us/en/what-is/sd-wan.html,https://www.microsoft.com/en-us/security/business/security-101/what-is-zero-trust-network-access-ztna,1.0,0,0
https://www.hpe.com/us/en/what-is/sd-wan.html,https://www.akkio.com/beginners-guide-to-machine-learning,1.0,0,0
https://www.hpe.com/us/en/what-is/sd-wan.html,https://towardsdatascience.com/machine-learning-basics-with-examples-part-1-c2d37247ec3d,1.0,0,0
https://www.hpe.com/us/en/what-is/sd-wan.html,https://www.analyticsvidhya.com/blog/2021/09/comprehensive-guide-on-machine-learning/,1.0,0,0
https://www.hpe.com/us/en/what-is/sd-wan.html,https://www.investopedia.com/terms/s/seo.asp,1.0,0,0
https://www.hpe.com/us/en/what-is/sd-wan.html,https://www.dollardays.com/?srsltid=AfmBOopXjdOu2Kwq6fwYN9FPfB19MorSOf5UyS0EisxFSAzOm8wbl8KF,1.0,0,0
https://www.hpe.com/us/en/what-is/sd-wan.html,https://www.reuters.com/technology/artificial-intelligence/,1.0,0,0
https://www.hpe.com/us/en/what-is/sd-wan.html,https://www.cnbc.com/artificial-intelligence/,1.0,0,0
https://www.hpe.com/us/en/what-is/sd-wan.html,https://www.bbc.com/news/topics/c404v061z99t,1.0,0,0
https://www.hpe.com/us/en/what-is/sd-wan.html,https://www.theguardian.com/technology/artificialintelligenceai,1.0,0,0
https://www.hpe.com/us/en/what-is/sd-wan.html,https://abcnews.go.com/alerts/technology,1.0,0,0
https://remotedesktop.google.com/,https://support.microsoft.com/en-us/windows/how-to-use-remote-desktop-5fe128d5-8fb1-7a23-3b8a-41e636865e8c,1.0,0,0
https://remotedesktop.google.com/,https://www.cloudflare.com/learning/access-management/what-is-ztna/,1.0,0,0
https://remotedesktop.google.com/,https://www.microsoft.com/en-us/security/business/security-101/what-is-zero-trust-network-access-ztna,1.0,0,0
https://remotedesktop.google.com/,https://www.akkio.com/beginners-guide-to-machine-learning,1.0,0,0
https://remotedesktop.google.com/,https://towardsdatascience.com/machine-learning-basics-with-examples-part-1-c2d37247ec3d,1.0,0,0
https://remotedesktop.google.com/,https://www.analyticsvidhya.com/blog/2021/09/comprehensive-guide-on-machine-learning/,1.0,0,0
https://remotedesktop.google.com/,https://www.investopedia.com/terms/s/seo.asp,1.0,0,0
https://remotedesktop.google.com/,https://www.dollardays.com/?srsltid=AfmBOopXjdOu2Kwq6fwYN9FPfB19MorSOf5UyS0EisxFSAzOm8wbl8KF,1.0,0,0
https://remotedesktop.google.com/,https://www.reuters.com/technology/artificial-intelligence/,1.0,0,0
https://remotedesktop.google.com/,https://www.cnbc.com/artificial-intelligence/,1.0,0,0
https://remotedesktop.google.com/,https://www.bbc.com/news/topics/c404v061z99t,1.0,0,0
https://remotedesktop.google.com/,https://www.theguardian.com/technology/artificialintelligenceai,1.0,0,0
https://remotedesktop.google.com/,https://abcnews.go.com/alerts/technology,1.0,0,0
https://support.microsoft.com/en-us/windows/how-to-use-remote-desktop-5fe128d5-8fb1-7a23-3b8a-41e636865e8c,https://www.cloudflare.com/learning/access-management/what-is-ztna/,1.0,0,0
https://support.microsoft.com/en-us/windows/how-to-use-remote-desktop-5fe128d5-8fb1-7a23-3b8a-41e636865e8c,https://www.microsoft.com/en-us/security/business/security-101/what-is-zero-trust-network-access-ztna,1.0,0,0
https://support.microsoft.com/en-us/windows/how-to-use-remote-desktop-5fe128d5-8fb1-7a23-3b8a-41e636865e8c,https://www.akkio.com/beginners-guide-to-machine-learning,1.0,0,0
https://support.microsoft.com/en-us/windows/how-to-use-remote-desktop-5fe128d5-8fb1-7a23-3b8a-41e636865e8c,https://towardsdatascience.com/machine-learning-basics-with-examples-part-1-c2d37247ec3d,1.0,0,0
https://support.microsoft.com/en-us/windows/how-to-use-remote-desktop-5fe128d5-8fb1-7a23-3b8a-41e636865e8c,https://www.analyticsvidhya.com/blog/2021/09/comprehensive-guide-on-machine-learning/,1.0,0,0
https://support.microsoft.com/en-us/windows/how-to-use-remote-desktop-5fe128d5-8fb1-7a23-3b8a-41e636865e8c,https://www.investopedia.com/terms/s/seo.asp,1.0,0,0
https://support.microsoft.com/en-us/windows/how-to-use-remote-desktop-5fe128d5-8fb1-7a23-3b8a-41e636865e8c,https://www.dollardays.com/?srsltid=AfmBOopXjdOu2Kwq6fwYN9FPfB19MorSOf5UyS0EisxFSAzOm8wbl8KF,1.0,0,0
https://support.microsoft.com/en-us/windows/how-to-use-remote-desktop-5fe128d5-8fb1-7a23-3b8a-41e636865e8c,https://www.reuters.com/technology/artificial-intelligence/,1.0,0,0
https://support.microsoft.com/en-us/windows/how-to-use-remote-desktop-5fe128d5-8fb1-7a23-3b8a-41e636865e8c,https://www.cnbc.com/artificial-intelligence/,1.0,0,0
https://support.microsoft.com/en-us/windows/how-to-use-remote-desktop-5fe128d5-8fb1-7a23-3b8a-41e636865e8c,https://www.bbc.com/news/topics/c404v061z99t,1.0,0,0
https://support.microsoft.com/en-us/windows/how-to-use-remote-desktop-5fe128d5-8fb1-7a23-3b8a-41e636865e8c,https://www.theguardian.com/technology/artificialintelligenceai,1.0,0,0
https://support.microsoft.com/en-us/windows/how-to-use-remote-desktop-5fe128d5-8fb1-7a23-3b8a-41e636865e8c,https://abcnews.go.com/alerts/technology,1.0,0,0
https://www.cloudflare.com/learning/access-management/what-is-ztna/,https://www.microsoft.com/en-us/security/business/security-101/what-is-zero-trust-network-access-ztna,1.0,0,0
https://www.cloudflare.com/learning/access-management/what-is-ztna/,https://www.akkio.com/beginners-guide-to-machine-learning,1.0,0,0
https://www.cloudflare.com/learning/access-management/what-is-ztna/,https://towardsdatascience.com/machine-learning-basics-with-examples-part-1-c2d37247ec3d,1.0,0,0
https://www.cloudflare.com/learning/access-management/what-is-ztna/,https://www.analyticsvidhya.com/blog/2021/09/comprehensive-guide-on-machine-learning/,1.0,0,0
https://www.cloudflare.com/learning/access-management/what-is-ztna/,https://www.investopedia.com/terms/s/seo.asp,1.0,0,0
https://www.cloudflare.com/learning/access-management/what-is-ztna/,https://www.dollardays.com/?srsltid=AfmBOopXjdOu2Kwq6fwYN9FPfB19MorSOf5UyS0EisxFSAzOm8wbl8KF,1.0,0,0
https://www.cloudflare.com/learning/access-management/what-is-ztna/,https://www.reuters.com/technology/artificial-intelligence/,1.0,0,0
https://www.cloudflare.com/learning/access-management/what-is-ztna/,https://www.cnbc.com/artificial-intelligence/,1.0,0,0
https://www.cloudflare.com/learning/access-management/what-is-ztna/,https://www.bbc.com/news/topics/c404v061z99t,1.0,0,0
https://www.cloudflare.com/learning/access-management/what-is-ztna/,https://www.theguardian.com/technology/artificialintelligenceai,1.0,0,0
https://www.cloudflare.com/learning/access-management/what-is-ztna/,https://abcnews.go.com/alerts/technology,1.0,0,0
https://www.microsoft.com/en-us/security/business/security-101/what-is-zero-trust-network-access-ztna,https://www.akkio.com/beginners-guide-to-machine-learning,1.0,0,0
https://www.microsoft.com/en-us/security/business/security-101/what-is-zero-trust-network-access-ztna,https://towardsdatascience.com/machine-learning-basics-with-examples-part-1-c2d37247ec3d,1.0,0,0
https://www.microsoft.com/en-us/security/business/security-101/what-is-zero-trust-network-access-ztna,https://www.analyticsvidhya.com/blog/2021/09/comprehensive-guide-on-machine-learning/,1.0,0,0
https://www.microsoft.com/en-us/security/business/security-101/what-is-zero-trust-network-access-ztna,https://www.investopedia.com/terms/s/seo.asp,1.0,0,0
https://www.microsoft.com/en-us/security/business/security-101/what-is-zero-trust-network-access-ztna,https://www.dollardays.com/?srsltid=AfmBOopXjdOu2Kwq6fwYN9FPfB19MorSOf5UyS0EisxFSAzOm8wbl8KF,1.0,0,0
https://www.microsoft.com/en-us/security/business/security-101/what-is-zero-trust-network-access-ztna,https://www.reuters.com/technology/artificial-intelligence/,1.0,0,0
https://www.microsoft.com/en-us/security/business/security-101/what-is-zero-trust-network-access-ztna,https://www.cnbc.com/artificial-intelligence/,1.0,0,0
https://www.microsoft.com/en-us/security/business/security-101/what-is-zero-trust-network-access-ztna,https://www.bbc.com/news/topics/c404v061z99t,1.0,0,0
https://www.microsoft.com/en-us/security/business/security-101/what-is-zero-trust-network-access-ztna,https://www.theguardian.com/technology/artificialintelligenceai,1.0,0,0
https://www.microsoft.com/en-us/security/business/security-101/what-is-zero-trust-network-access-ztna,https://abcnews.go.com/alerts/technology,1.0,0,0
https://sign.dropbox.com/products/dropbox-fax,https://www.fax.plus/,0.8305,660,164
https://nytlicensing.com/latest/trends/content-marketing-best-practices-2022/,https://copyblogger.com/content-marketing/,0.8267,10932,16285
https://www.akkio.com/beginners-guide-to-machine-learning,https://towardsdatascience.com/machine-learning-basics-with-examples-part-1-c2d37247ec3d,1.0,0,0
https://www.akkio.com/beginners-guide-to-machine-learning,https://www.analyticsvidhya.com/blog/2021/09/comprehensive-guide-on-machine-learning/,1.0,0,0
https://www.akkio.com/beginners-guide-to-machine-learning,https://www.investopedia.com/terms/s/seo.asp,1.0,0,0
https://www.akkio.com/beginners-guide-to-machine-learning,https://www.dollardays.com/?srsltid=AfmBOopXjdOu2Kwq6fwYN9FPfB19MorSOf5UyS0EisxFSAzOm8wbl8KF,1.0,0,0
https://www.akkio.com/beginners-guide-to-machine-learning,https://www.reuters.com/technology/artificial-intelligence/,1.0,0,0
https://www.akkio.com/beginners-guide-to-machine-learning,https://www.cnbc.com/artificial-intelligence/,1.0,0,0
https://www.akkio.com/beginners-guide-to-machine-learning,https://www.bbc.com/news/topics/c404v061z99t,1.0,0,0
https://www.akkio.com/beginners-guide-to-machine-learning,https://www.theguardian.com/technology/artificialintelligenceai,1.0,0,0
https://www.akkio.com/beginners-guide-to-machine-learning,https://abcnews.go.com/alerts/technology,1.0,0,0
https://towardsdatascience.com/machine-learning-basics-with-examples-part-1-c2d37247ec3d,https://www.analyticsvidhya.com/blog/2021/09/comprehensive-guide-on-machine-learning/,1.0,0,0
https://towardsdatascience.com/machine-learning-basics-with-examples-part-1-c2d37247ec3d,https://www.investopedia.com/terms/s/seo.asp,1.0,0,0
https://towardsdatascience.com/machine-learning-basics-with-examples-part-1-c2d37247ec3d,https://www.dollardays.com/?srsltid=AfmBOopXjdOu2Kwq6fwYN9FPfB19MorSOf5UyS0EisxFSAzOm8wbl8KF,1.0,0,0
https://towardsdatascience.com/machine-learning-basics-with-examples-part-1-c2d37247ec3d,https://www.reuters.com/technology/artificial-intelligence/,1.0,0,0
https://towardsdatascience.com/machine-learning-basics-with-examples-part-1-c2d37247ec3d,https://www.cnbc.com/artificial-intelligence/,1.0,0,0
https://towardsdatascience.com/machine-learning-basics-with-examples-part-1-c2d37247ec3d,https://www.bbc.com/news/topics/c404v061z99t,1.0,0,0
https://towardsdatascience.com/machine-learning-basics-with-examples-part-1-c2d37247ec3d,https://www.theguardian.com/technology/artificialintelligenceai,1.0,0,0
https://towardsdatascience.com/machine-learning-basics-with-examples-part-1-c2d37247ec3d,https://abcnews.go.com/alerts/technology,1.0,0,0
https://www.analyticsvidhya.com/blog/2021/09/comprehensive-guide-on-machine-learning/,https://www.investopedia.com/terms/s/seo.asp,1.0,0,0
https://www.analyticsvidhya.com/blog/2021/09/comprehensive-guide-on-machine-learning/,https://www.dollardays.com/?srsltid=AfmBOopXjdOu2Kwq6fwYN9FPfB19MorSOf5UyS0EisxFSAzOm8wbl8KF,1.0,0,0
https://www.analyticsvidhya.com/blog/2021/09/comprehensive-guide-on-machine-learning/,https://www.reuters.com/technology/artificial-intelligence/,1.0,0,0
https://www.analyticsvidhya.com/blog/2021/09/comprehensive-guide-on-machine-learning/,https://www.cnbc.com/artificial-intelligence/,1.0,0,0
https://www.analyticsvidhya.com/blog/2021/09/comprehensive-guide-on-machine-learning/,https://www.bbc.com/news/topics/c404v061z99t,1.0,0,0
https://www.analyticsvidhya.com/blog/2021/09/comprehensive-guide-on-machine-learning/,https://www.theguardian.com/technology/artificialintelligenceai,1.0,0,0
https://www.analyticsvidhya.com/blog/2021/09/comprehensive-guide-on-machine-learning/,https://abcnews.go.com/alerts/technology,1.0,0,0
https://www.investopedia.com/terms/s/seo.asp,https://www.dollardays.com/?srsltid=AfmBOopXjdOu2Kwq6fwYN9FPfB19MorSOf5UyS0EisxFSAzOm8wbl8KF,1.0,0,0
https://www.investopedia.com/terms/s/seo.asp,https://www.reuters.com/technology/artificial-intelligence/,1.0,0,0
https://www.investopedia.com/terms/s/seo.asp,https://www.cnbc.com/artificial-intelligence/,1.0,0,0
https://www.investopedia.com/terms/s/seo.asp,https://www.bbc.com/news/topics/c404v061z99t,1.0,0,0
https://www.investopedia.com/terms/s/seo.asp,https://www.theguardian.com/technology/artificialintelligenceai,1.0,0,0
https://www.investopedia.com/terms/s/seo.asp,https://abcnews.go.com/alerts/technology,1.0,0,0
https://www.dollardays.com/?srsltid=AfmBOopXjdOu2Kwq6fwYN9FPfB19MorSOf5UyS0EisxFSAzOm8wbl8KF,https://www.reuters.com/technology/artificial-intelligence/,1.0,0,0
https://www.dollardays.com/?srsltid=AfmBOopXjdOu2Kwq6fwYN9FPfB19MorSOf5UyS0EisxFSAzOm8wbl8KF,https://www.cnbc.com/artificial-intelligence/,1.0,0,0
https://www.dollardays.com/?srsltid=AfmBOopXjdOu2Kwq6fwYN9FPfB19MorSOf5UyS0EisxFSAzOm8wbl8KF,https://www.bbc.com/news/topics/c404v061z99t,1.0,0,0
https://www.dollardays.com/?srsltid=AfmBOopXjdOu2Kwq6fwYN9FPfB19MorSOf5UyS0EisxFSAzOm8wbl8KF,https://www.theguardian.com/technology/artificialintelligenceai,1.0,0,0
https://www.dollardays.com/?srsltid=AfmBOopXjdOu2Kwq6fwYN9FPfB19MorSOf5UyS0EisxFSAzOm8wbl8KF,https://abcnews.go.com/alerts/technology,1.0,0,0
https://en.wikipedia.org/wiki/Search_engine_optimization,https://simple.wikipedia.org/wiki/Search_engine_optimization,0.8071,9567,1198
https://en.wikipedia.org/wiki/Content_marketing,https://simple.wikipedia.org/wiki/Content_marketing,0.8184,3822,496
https://www.reuters.com/technology/artificial-intelligence/,https://www.cnbc.com/artificial-intelligence/,1.0,0,0
https://www.reuters.com/technology/artificial-intelligence/,https://www.bbc.com/news/topics/c404v061z99t,1.0,0,0
https://www.reuters.com/technology/artificial-intelligence/,https://www.theguardian.com/technology/artificialintelligenceai,1.0,0,0
https://www.reuters.com/technology/artificial-intelligence/,https://abcnews.go.com/alerts/technology,1.0,0,0
https://www.cnbc.com/artificial-intelligence/,https://www.bbc.com/news/topics/c404v061z99t,1.0,0,0
https://www.cnbc.com/artificial-intelligence/,https://www.theguardian.com/technology/artificialintelligenceai,1.0,0,0
https://www.cnbc.com/artificial-intelligence/,https://abcnews.go.com/alerts/technology,1.0,0,0
https://www.bbc.com/news/topics/c404v061z99t,https://www.theguardian.com/technology/artificialintelligenceai,1.0,0,0
https://www.bbc.com/news/topics/c404v061z99t,https://abcnews.go.com/alerts/technology,1.0,0,0
https://www.theguardian.com/technology/artificialintelligenceai,https://abcnews.go.com/alerts/technology,1.0,0,0
